{
	"format_version": "1.8.0",
	"animations": {
		"animation.megasableye.ground_idle": {
			"loop": true,
			"animation_length": 6.5,
			"bones": {
				"body": {
					"rotation": [0, -27.5, 0],
					"position": [0, -0.4, 0]
				},
				"torso": {
					"rotation": [7.5, "1*(math.sin(q.anim_time*90*2.5-40)*3+1)", "1*(math.sin(q.anim_time*90*2.5-40)*3+1)"],
					"position": [0, "-0.1*(math.sin(q.anim_time*90*2.5-90)*4+1)", 0]
				},
				"chest": {
					"rotation": ["16.5055-(math.sin(q.anim_time*90*2.5-60)*4+1)", -5.89139, 19.14665],
					"scale": 1
				},
				"head": {
					"rotation": {
						"0.0": [14.59889, 27.4035, 15.0923],
						"1.125": [5.72181, 29.44046, 7.83849],
						"1.4583": [8.35234, 28.40261, 18.43467],
						"1.5": [5.28888, 12.06622, 33.73343],
						"1.5417": [6.12725, 36.47258, 13.68869],
						"1.75": [5.29477, 21.5458, 11.9867],
						"1.7917": [4.06972, 0.71545, -9.95593],
						"1.8333": [4.38966, 20.30443, -3.4684],
						"3.3333": [4.34969, 20.66263, -8.4694],
						"3.375": [4.06921, -0.71838, 9.99312],
						"3.4167": [-1.19416, 20.54656, -16.96939],
						"3.4583": [5.29574, 20.5735, -5.66269],
						"4.5": [10.07533, 10.17943, -1.61029],
						"4.5417": [4.69986, 1.70818, -19.9299],
						"4.5833": [2.41345, 13.95755, -16.37486],
						"5.5417": [4.904, 16.65615, -18.66153],
						"5.5833": [4.95744, 0.65182, -7.47178],
						"6.375": [4.95944, -0.65423, 7.47351],
						"6.4167": [4.72965, -1.49049, 17.43936],
						"6.4583": [10.10174, 24.18993, 5.77111]
					}
				},
				"arm_right": {
					"rotation": [-117.17095, 16.65131, -14.02095]
				},
				"arm_right2": {
					"rotation": {
						"0.0": [42.06773, -51.21436, -12.38779],
						"0.2917": [45.26577, -48.61507, -16.57505],
						"0.5833": [44.26907, -49.50354, -15.2459],
						"1.0417": [39.27791, -52.96844, -8.88477],
						"1.4167": [39.64412, -52.85027, -9.31412],
						"1.7917": [40.4009, -52.2515, -10.29825],
						"2.2083": [44.26907, -49.50354, -15.2459],
						"2.875": [44.48448, -54.66979, -12.21524],
						"3.25": [40.54214, -55.20958, -7.68492],
						"3.625": [55.9375, -52.10213, -26.7248],
						"3.7083": [56.99463, -50.69439, -28.10788],
						"3.875": [55.9375, -52.10213, -26.7248],
						"4.3333": [46.27038, -58.33129, -12.08249],
						"4.5": [40.31967, -59.95458, -5.08912],
						"4.6667": [37.36518, -59.80824, -1.58234],
						"5.375": [56.87726, -51.99178, -26.28804],
						"5.6667": [52.95645, -56.07605, -20.15598],
						"5.9583": [47.19787, -61.74702, -11.81945],
						"6.2083": [41.95059, -58.60389, -8.67745],
						"6.5": [42.06773, -51.21436, -12.38779]
					},
					"position": [0, 0.4, -0.2]
				},
				"arm_left": {
					"rotation": {
						"0.0": [
							"143.6105+15*(math.sin(q.anim_time*120*1)*0.5+1)",
							"56.2562+15*(math.sin(q.anim_time*90*1)*0.5+1)",
							"131.4733+40*(math.sin(q.anim_time*90*1)*0.5+1)"
						],
						"1.4583": [
							"158.4341+15*(math.sin(q.anim_time*120*1)*0.5+1)",
							"56.1309+15*(math.sin(q.anim_time*90*1)*0.5+1)",
							"138.5686+40*(math.sin(q.anim_time*90*1)*0.5+1)"
						],
						"1.5": [
							"136.7288+15*(math.sin(q.anim_time*120*1)*0.5+1)",
							"47.205+15*(math.sin(q.anim_time*90*1)*0.5+1)",
							"107.5704+40*(math.sin(q.anim_time*90*1)*0.5+1)"
						],
						"1.5417": [
							"144.1573+15*(math.sin(q.anim_time*120*1)*0.5+1)",
							"54.383+15*(math.sin(q.anim_time*90*1)*0.5+1)",
							"115.4414+40*(math.sin(q.anim_time*90*1)*0.5+1)"
						],
						"2.0": [117.14437, 83.44235, 138.44382],
						"2.3333": [111.47189, 82.03292, 125.84867],
						"2.4583": [101.5803, 80.79331, 122.5386],
						"2.5": [
							"-139.9315+15*(math.sin(q.anim_time*120*1)*0.5+1)",
							"71.7309+15*(math.sin(q.anim_time*90*1)*0.5+1)",
							"-155.6267+40*(math.sin(q.anim_time*90*1)*0.5+1)"
						],
						"2.5417": [
							"159.8483+15*(math.sin(q.anim_time*120*1)*0.5+1)",
							"62.9123+15*(math.sin(q.anim_time*90*1)*0.5+1)",
							"140.6299+40*(math.sin(q.anim_time*90*1)*0.5+1)"
						],
						"2.5833": [
							"156.7624+15*(math.sin(q.anim_time*120*1)*0.5+1)",
							"74.7641+15*(math.sin(q.anim_time*90*1)*0.5+1)",
							"147.9515+40*(math.sin(q.anim_time*90*1)*0.5+1)"
						],
						"4.2083": [109.7307, 79.16073, 132.81264],
						"6.5": [
							"140.3572+15*(math.sin(q.anim_time*120*1)*0.5+1)",
							"66.7254+15*(math.sin(q.anim_time*90*1)*0.5+1)",
							"143.7897+40*(math.sin(q.anim_time*90*1)*0.5+1)"
						]
					}
				},
				"arm_left2": {
					"rotation": [-5.43327, 47.2626, -7.37872]
				},
				"leg_right": {
					"rotation": ["-30-(math.sin(q.anim_time*90*2.5-90)*4+1)", 20, 0],
					"position": [0, "-0.1*(math.sin(q.anim_time*90*2.5-90)*1+1)", "0.1*(math.sin(q.anim_time*90*2.5-90)*1+1)"]
				},
				"leg_right2": {
					"rotation": ["45+(math.sin(q.anim_time*90*2.5-90)*4+1)", 0, 0]
				},
				"leg_left": {
					"rotation": ["-30-(math.sin(q.anim_time*90*2.5-90)*4+1)", -20, 0],
					"position": [0, "-0.1*(math.sin(q.anim_time*90*2.5-90)*1+1)", "0.1*(math.sin(q.anim_time*90*2.5-90)*1+1)"]
				},
				"leg_left2": {
					"rotation": ["45+(math.sin(q.anim_time*90*2.5-90)*4+1)", 0, 0]
				},
				"hole": {
					"rotation": [7.5, 0, 0],
					"position": [0, "-1+(math.sin(q.anim_time*90*2.5-60)*0.2+1)", 0]
				},
				"foot_right": {
					"rotation": [-15, 0, 0]
				},
				"foot_left": {
					"rotation": [-15, 0, 0]
				},
				"finger_right1": {
					"rotation": [0, 0, 15]
				},
				"finger_right2": {
					"rotation": [0, 0, 15]
				},
				"finger_right3": {
					"rotation": [0, 0, 15]
				},
				"finger_left1": {
					"rotation": [0, 0, "1*(math.sin(q.anim_time*260*1)*30+1)"]
				},
				"finger_left2": {
					"rotation": [0, 0, "1*(math.sin(q.anim_time*270*1)*30+1)"]
				},
				"finger_left3": {
					"rotation": [0, 0, "1*(math.sin(q.anim_time*280*1)*30+1)"]
				},
				"gem": {
					"rotation": {
						"0.0": [0, 24.97006, -0.71903],
						"6.25": [0, 24.97006, -0.71903],
						"6.5": [-1.106, 24.97, -0.72]
					},
					"position": [-1, 0, 2]
				}
			}
		},
		"animation.megasableye.ground_walk": {
			"loop": true,
			"animation_length": 3,
			"bones": {
				"body": {
					"position": {
						"0.0": [0, 1, 0],
						"0.25": [0, -0.3, 0],
						"0.5": [0, 1, 0],
						"0.75": [0, -0.3, 0],
						"1.0": [0, 1, 0],
						"1.25": [0, -0.3, 0],
						"1.5": [0, 1, 0],
						"1.75": [0, -0.3, 0],
						"2.0": [0, 1, 0],
						"2.25": [0, -0.3, 0],
						"2.5": [0, 1, 0],
						"2.75": [0, -0.3, 0],
						"3.0": [0, 1, 0]
					}
				},
				"torso": {
					"rotation": {
						"0.0": ["-5.0508-math.sin(q.anim_time*90*4*2)*2", "7.4712+math.sin(q.anim_time*90*4*2+20)*2", -0.65847],
						"0.5": ["-5.0349-math.sin(q.anim_time*90*4*2)*2", "-7.4714+math.sin(q.anim_time*90*4*2+20)*2", 0.65641],
						"1.0": ["-5.0508-math.sin(q.anim_time*90*4*2)*2", "7.4712+math.sin(q.anim_time*90*4*2+20)*2", -0.65847],
						"1.5": ["-5.0349-math.sin(q.anim_time*90*4*2)*2", "-7.4714+math.sin(q.anim_time*90*4*2+20)*2", 0.65641],
						"2.0": ["-5.0508-math.sin(q.anim_time*90*4*2)*2", "7.4712+math.sin(q.anim_time*90*4*2+20)*2", -0.65847],
						"2.5": ["-5.0349-math.sin(q.anim_time*90*4*2)*2", "-7.4714+math.sin(q.anim_time*90*4*2+20)*2", 0.65641],
						"3.0": ["-5.0508-math.sin(q.anim_time*90*4*2)*2", "7.4712+math.sin(q.anim_time*90*4*2+20)*2", -0.65847]
					},
					"position": [0, 0, 0]
				},
				"arm_right": {
					"rotation": [54.92032, -68.36319, -42.89749]
				},
				"arm_left": {
					"rotation": {
						"0.0": [-58.85274, 67.1529, 31.51486],
						"0.25": [-46.16549, 73.14354, 44.97828],
						"0.5": [-31.89151, 76.31786, 59.76329],
						"0.75": [-46.16549, 73.14354, 44.97828],
						"1.0": [-58.85274, 67.1529, 31.51486],
						"1.25": [-39.78345, 74.85051, 51.61631],
						"1.5": [-22.32381, 77.46115, 69.58533],
						"1.75": [-39.78345, 74.85051, 51.61631],
						"2.0": [-58.85274, 67.1529, 31.51486],
						"2.25": [-46.16549, 73.14354, 44.97828],
						"2.5": [-22.32381, 77.46115, 69.58533],